id,title,timestamp
"2078283","Frontend Developer (ReactJS)","1783665596628"
"2075128","Lập Trình Viên Java","1783665596628"
"2074871","Support Services Officer/ Admin and Procurement Officer","1783665596628"
"2061006","Lập Trình Viên Frontend Mid-Level (React.js/ Next.js)","1783665596628"
"2074491","Thực Tập Sinh – Hỗ Trợ Kỹ Thuật Web & Tự Động Hóa","1783665596628"
"2073757","(HN) Lead Front-End Engineer","1783665596628"
"2072052","People and Culture Officer (HR Officer)","1783665596628"
"2055269","Senior Backend Engineer (Fullstack: Cloud, Backend, Frontend, Edge Device)","1783665596628"
"2070081","Senior Fundraiser","1783665596628"
"2049290","Lập Trình Viên","1783665596628"
"2078283","Frontend Developer (ReactJS)","1783665596628"
"2075128","Lập Trình Viên Java","1783665596628"
"2074871","Support Services Officer/ Admin and Procurement Officer","1783665596628"
"2061006","Lập Trình Viên Frontend Mid-Level (React.js/ Next.js)","1783665596628"
"2074491","Thực Tập Sinh – Hỗ Trợ Kỹ Thuật Web & Tự Động Hóa","1783665596628"
"2073757","(HN) Lead Front-End Engineer","1783665596628"
"2072052","People and Culture Officer (HR Officer)","1783665596628"
"2055269","Senior Backend Engineer (Fullstack: Cloud, Backend, Frontend, Edge Device)","1783665596628"
"2070081","Senior Fundraiser","1783665596628"
"2049290","Lập Trình Viên","1783665596628"
"2078283","Frontend Developer (ReactJS)","1783665596628"
"2075128","Lập Trình Viên Java","1783665596628"
"2074871","Support Services Officer/ Admin and Procurement Officer","1783665596628"
"2061006","Lập Trình Viên Frontend Mid-Level (React.js/ Next.js)","1783665596628"
"2074491","Thực Tập Sinh – Hỗ Trợ Kỹ Thuật Web & Tự Động Hóa","1783665596628"
"2073757","(HN) Lead Front-End Engineer","1783665596628"
"2072052","People and Culture Officer (HR Officer)","1783665596628"
"2055269","Senior Backend Engineer (Fullstack: Cloud, Backend, Frontend, Edge Device)","1783665596628"
"2070081","Senior Fundraiser","1783665596628"
"2049290","Lập Trình Viên","1783665596628"
"2074871","Support Services Officer/ Admin and Procurement Officer","1783665596628"
"2061006","Lập Trình Viên Frontend Mid-Level (React.js/ Next.js)","1783665596628"
"2074491","Thực Tập Sinh – Hỗ Trợ Kỹ Thuật Web & Tự Động Hóa","1783665596628"
"2073757","(HN) Lead Front-End Engineer","1783665596628"
"2072052","People and Culture Officer (HR Officer)","1783665596628"
"2055269","Senior Backend Engineer (Fullstack: Cloud, Backend, Frontend, Edge Device)","1783665596628"
"2070081","Senior Fundraiser","1783665596628"
"2078283","Frontend Developer (ReactJS)","1783665785224"
"2075128","Lập Trình Viên Java","1783665785224"
"2074871","Support Services Officer/ Admin and Procurement Officer","1783665785224"
"2061006","Lập Trình Viên Frontend Mid-Level (React.js/ Next.js)","1783665785224"
"2074491","Thực Tập Sinh – Hỗ Trợ Kỹ Thuật Web & Tự Động Hóa","1783665785224"
"2073757","(HN) Lead Front-End Engineer","1783665785224"
"2072052","People and Culture Officer (HR Officer)","1783665785224"
"2055269","Senior Backend Engineer (Fullstack: Cloud, Backend, Frontend, Edge Device)","1783665785224"
"2070081","Senior Fundraiser","1783665785224"
"2049290","Lập Trình Viên","1783665785224"
"2078283","Frontend Developer (ReactJS)","1783665785224"
"2075128","Lập Trình Viên Java","1783665785224"
"2074871","Support Services Officer/ Admin and Procurement Officer","1783665785224"
"2061006","Lập Trình Viên Frontend Mid-Level (React.js/ Next.js)","1783665785224"
"2074491","Thực Tập Sinh – Hỗ Trợ Kỹ Thuật Web & Tự Động Hóa","1783665785224"
"2073757","(HN) Lead Front-End Engineer","1783665785224"
"2072052","People and Culture Officer (HR Officer)","1783665785224"
"2055269","Senior Backend Engineer (Fullstack: Cloud, Backend, Frontend, Edge Device)","1783665785224"
"2070081","Senior Fundraiser","1783665785224"
"2049290","Lập Trình Viên","1783665785224"
"2078283","Frontend Developer (ReactJS)","1783665785224"
"2075128","Lập Trình Viên Java","1783665785224"
"2074871","Support Services Officer/ Admin and Procurement Officer","1783665785224"
"2061006","Lập Trình Viên Frontend Mid-Level (React.js/ Next.js)","1783665785224"
"2074491","Thực Tập Sinh – Hỗ Trợ Kỹ Thuật Web & Tự Động Hóa","1783665785224"
"2073757","(HN) Lead Front-End Engineer","1783665785224"
"2072052","People and Culture Officer (HR Officer)","1783665785224"
"2055269","Senior Backend Engineer (Fullstack: Cloud, Backend, Frontend, Edge Device)","1783665785224"
"2070081","Senior Fundraiser","1783665785224"
"2049290","Lập Trình Viên","1783665785224"
"2074871","Support Services Officer/ Admin and Procurement Officer","1783665785224"
"2061006","Lập Trình Viên Frontend Mid-Level (React.js/ Next.js)","1783665785224"
"2074491","Thực Tập Sinh – Hỗ Trợ Kỹ Thuật Web & Tự Động Hóa","1783665785224"
"2073757","(HN) Lead Front-End Engineer","1783665785224"
"2072052","People and Culture Officer (HR Officer)","1783665785224"
"2055269","Senior Backend Engineer (Fullstack: Cloud, Backend, Frontend, Edge Device)","1783665785224"
"2070081","Senior Fundraiser","1783665785224"
"2075128","Lập Trình Viên Java","1783665785224"
"2074871","Support Services Officer/ Admin and Procurement Officer","1783665785224"
